-- --------------------------------------------------------
-- Хост:                         127.0.0.1
-- Версия сервера:               5.7.37-log - MySQL Community Server (GPL)
-- Операционная система:         Win64
-- HeidiSQL Версия:              11.3.0.6295
-- --------------------------------------------------------

/*!40101 SET @OLD_CHARACTER_SET_CLIENT=@@CHARACTER_SET_CLIENT */;
/*!40101 SET NAMES utf8 */;
/*!50503 SET NAMES utf8mb4 */;
/*!40014 SET @OLD_FOREIGN_KEY_CHECKS=@@FOREIGN_KEY_CHECKS, FOREIGN_KEY_CHECKS=0 */;
/*!40101 SET @OLD_SQL_MODE=@@SQL_MODE, SQL_MODE='NO_AUTO_VALUE_ON_ZERO' */;
/*!40111 SET @OLD_SQL_NOTES=@@SQL_NOTES, SQL_NOTES=0 */;

-- Дамп структуры для таблица shop.models
CREATE TABLE IF NOT EXISTS `models` (
  `id` int(10) unsigned NOT NULL AUTO_INCREMENT,
  `name` varchar(50) NOT NULL,
  `id_producer` int(10) unsigned NOT NULL DEFAULT '0',
  PRIMARY KEY (`id`),
  KEY `id_producer` (`id_producer`),
  CONSTRAINT `models_ibfk_1` FOREIGN KEY (`id_producer`) REFERENCES `producers` (`id`)
) ENGINE=InnoDB AUTO_INCREMENT=21 DEFAULT CHARSET=utf8;

-- Дамп данных таблицы shop.models: ~20 rows (приблизительно)
/*!40000 ALTER TABLE `models` DISABLE KEYS */;
INSERT INTO `models` (`id`, `name`, `id_producer`) VALUES
	(1, 'Isuzu', 2),
	(2, 'Lincoln', 7),
	(3, 'Mitsubishi', 10),
	(4, 'Isuzu', 10),
	(5, 'Acura', 7),
	(6, 'Pontiac', 5),
	(7, 'Chevrolet', 5),
	(8, 'Dodge', 7),
	(9, 'Volvo', 4),
	(10, 'Dodge', 7),
	(11, 'Ford', 6),
	(12, 'Chrysler', 9),
	(13, 'Mercedes-Benz', 1),
	(14, 'Isuzu', 3),
	(15, 'Mercedes-Benz', 4),
	(16, 'Dodge', 10),
	(17, 'Subaru', 5),
	(18, 'Jeep', 3),
	(19, 'Subaru', 9),
	(20, 'Acura', 4);
/*!40000 ALTER TABLE `models` ENABLE KEYS */;

-- Дамп структуры для таблица shop.price_list
CREATE TABLE IF NOT EXISTS `price_list` (
  `id` int(10) unsigned NOT NULL AUTO_INCREMENT,
  `id_seller` int(10) unsigned NOT NULL,
  `id_product` int(10) unsigned NOT NULL,
  `id_model` int(10) unsigned NOT NULL,
  `price` int(10) unsigned NOT NULL,
  PRIMARY KEY (`id`),
  KEY `id_model` (`id_model`),
  KEY `id_seller` (`id_seller`),
  KEY `id_product` (`id_product`),
  CONSTRAINT `price_list_ibfk_1` FOREIGN KEY (`id_model`) REFERENCES `models` (`id`),
  CONSTRAINT `price_list_ibfk_2` FOREIGN KEY (`id_seller`) REFERENCES `sellers` (`id`),
  CONSTRAINT `price_list_ibfk_3` FOREIGN KEY (`id_product`) REFERENCES `products` (`id`)
) ENGINE=InnoDB AUTO_INCREMENT=102 DEFAULT CHARSET=utf8;

-- Дамп данных таблицы shop.price_list: ~100 rows (приблизительно)
/*!40000 ALTER TABLE `price_list` DISABLE KEYS */;
INSERT INTO `price_list` (`id`, `id_seller`, `id_product`, `id_model`, `price`) VALUES
	(1, 25, 1, 17, 6718),
	(3, 44, 74, 9, 4256),
	(4, 27, 79, 5, 416),
	(5, 21, 84, 17, 7880),
	(6, 3, 86, 16, 1131),
	(7, 49, 84, 13, 4151),
	(8, 15, 27, 20, 7593),
	(9, 41, 31, 9, 8396),
	(10, 6, 25, 9, 5802),
	(11, 13, 56, 7, 1883),
	(12, 38, 47, 11, 7708),
	(13, 26, 12, 10, 8229),
	(14, 6, 15, 1, 5432),
	(15, 18, 21, 10, 3613),
	(16, 2, 42, 12, 7036),
	(17, 22, 4, 18, 3919),
	(18, 50, 12, 7, 2623),
	(19, 44, 32, 11, 5670),
	(20, 15, 89, 14, 496),
	(21, 35, 75, 7, 427),
	(22, 29, 11, 14, 5989),
	(23, 5, 93, 14, 207),
	(24, 28, 10, 16, 9745),
	(25, 18, 9, 17, 6143),
	(26, 47, 42, 20, 9583),
	(27, 34, 8, 13, 1241),
	(28, 21, 22, 15, 8194),
	(29, 8, 98, 5, 3932),
	(30, 32, 15, 4, 4800),
	(31, 22, 39, 2, 2148),
	(32, 14, 85, 19, 2397),
	(33, 29, 44, 18, 6431),
	(34, 38, 87, 2, 1894),
	(35, 12, 21, 16, 6327),
	(36, 38, 89, 3, 3484),
	(37, 50, 28, 18, 1732),
	(38, 7, 9, 2, 5503),
	(39, 18, 49, 5, 5814),
	(40, 7, 68, 17, 2476),
	(41, 21, 35, 14, 4795),
	(42, 24, 25, 15, 9024),
	(43, 42, 37, 10, 106),
	(44, 8, 61, 15, 9615),
	(45, 38, 44, 14, 1465),
	(46, 36, 66, 6, 808),
	(47, 10, 10, 2, 5365),
	(48, 32, 12, 13, 8962),
	(49, 29, 32, 4, 871),
	(50, 10, 92, 6, 7399),
	(51, 3, 40, 10, 3638),
	(52, 34, 47, 15, 6611),
	(53, 49, 25, 14, 3590),
	(54, 2, 30, 19, 2038),
	(55, 14, 34, 17, 4424),
	(56, 10, 20, 9, 2425),
	(57, 44, 85, 2, 1348),
	(58, 37, 27, 1, 1662),
	(59, 14, 64, 10, 9340),
	(60, 46, 71, 12, 1374),
	(61, 1, 8, 20, 4787),
	(62, 33, 83, 15, 929),
	(63, 47, 11, 18, 9002),
	(64, 17, 2, 6, 4168),
	(65, 46, 39, 10, 9205),
	(66, 48, 76, 14, 9875),
	(67, 6, 98, 6, 9087),
	(68, 6, 41, 5, 4184),
	(69, 34, 11, 3, 6457),
	(70, 17, 44, 5, 3467),
	(71, 5, 76, 15, 7740),
	(72, 14, 28, 9, 383),
	(73, 18, 13, 12, 5970),
	(74, 6, 10, 8, 7103),
	(75, 15, 77, 2, 5857),
	(76, 23, 19, 8, 3864),
	(77, 30, 67, 18, 7687),
	(78, 23, 22, 13, 5803),
	(79, 46, 62, 19, 9264),
	(80, 26, 25, 10, 8484),
	(81, 38, 78, 6, 792),
	(82, 4, 75, 5, 3373),
	(83, 25, 68, 16, 6374),
	(84, 50, 68, 12, 9424),
	(85, 31, 82, 5, 2405),
	(86, 39, 85, 2, 1417),
	(87, 26, 13, 9, 8633),
	(88, 28, 83, 9, 8449),
	(89, 29, 85, 3, 1922),
	(90, 24, 11, 4, 5043),
	(91, 36, 25, 9, 6715),
	(92, 13, 34, 1, 780),
	(93, 43, 25, 6, 6817),
	(94, 34, 14, 10, 3287),
	(95, 24, 90, 12, 4680),
	(96, 21, 96, 7, 6742),
	(97, 40, 7, 18, 6894),
	(98, 13, 34, 3, 3926),
	(99, 15, 36, 17, 3342),
	(100, 13, 31, 14, 1937),
	(101, 3, 99, 18, 2356);
/*!40000 ALTER TABLE `price_list` ENABLE KEYS */;

-- Дамп структуры для таблица shop.producers
CREATE TABLE IF NOT EXISTS `producers` (
  `id` int(10) unsigned NOT NULL AUTO_INCREMENT,
  `name` varchar(50) NOT NULL,
  `country` varchar(50) NOT NULL,
  `website` varchar(50) NOT NULL,
  PRIMARY KEY (`id`)
) ENGINE=InnoDB AUTO_INCREMENT=11 DEFAULT CHARSET=utf8;

-- Дамп данных таблицы shop.producers: ~10 rows (приблизительно)
/*!40000 ALTER TABLE `producers` DISABLE KEYS */;
INSERT INTO `producers` (`id`, `name`, `country`, `website`) VALUES
	(1, 'Rooxo', 'Portugal', 'howstuffworks.com'),
	(2, 'Zoomcast', 'Japan', 'virginia.edu'),
	(3, 'Zoovu', 'Ireland', 'spiegel.de'),
	(4, 'Zoonder', 'France', 'wunderground.com'),
	(5, 'Kanoodle', 'China', 'alibaba.com'),
	(6, 'Devpoint', 'France', 'cloudflare.com'),
	(7, 'Babbleblab', 'China', 'bbb.org'),
	(8, 'Skynoodle', 'Russia', 'multiply.com'),
	(9, 'Yadel', 'China', 'apple.com'),
	(10, 'Gigazoom', 'Vietnam', 'devhub.com');
/*!40000 ALTER TABLE `producers` ENABLE KEYS */;

-- Дамп структуры для таблица shop.products
CREATE TABLE IF NOT EXISTS `products` (
  `id` int(10) unsigned NOT NULL AUTO_INCREMENT,
  `name` varchar(50) NOT NULL,
  PRIMARY KEY (`id`)
) ENGINE=InnoDB AUTO_INCREMENT=101 DEFAULT CHARSET=utf8;

-- Дамп данных таблицы shop.products: ~100 rows (приблизительно)
/*!40000 ALTER TABLE `products` DISABLE KEYS */;
INSERT INTO `products` (`id`, `name`) VALUES
	(1, 'Intrepid'),
	(2, 'Probe'),
	(3, 'C-Class'),
	(4, 'EXP'),
	(5, 'A6'),
	(6, 'NX'),
	(7, 'Grand Caravan'),
	(8, 'Escort'),
	(9, 'Tracer'),
	(10, 'Continental Flying Spur'),
	(11, 'Navigator'),
	(12, 'Solara'),
	(13, 'Taurus'),
	(14, 'Sigma'),
	(15, 'Accent'),
	(16, 'NSX'),
	(17, 'LeSabre'),
	(18, 'Golf'),
	(19, 'LeMans'),
	(20, 'S60'),
	(21, 'Caliber'),
	(22, 'Vitara'),
	(23, 'Grand Am'),
	(24, 'Murano'),
	(25, 'Forenza'),
	(26, 'Sierra 1500'),
	(27, '900'),
	(28, 'GT-R'),
	(29, 'RAV4'),
	(30, 'Thunderbird'),
	(31, 'Silverado 2500'),
	(32, 'RAV4'),
	(33, 'Lancer Evolution'),
	(34, 'Aveo'),
	(35, 'Impreza'),
	(36, 'Tahoe'),
	(37, 'Celica'),
	(38, 'SX4'),
	(39, 'GTO'),
	(40, 'B-Series Plus'),
	(41, 'Pacifica'),
	(42, 'E-Series'),
	(43, 'Diablo'),
	(44, 'GT500'),
	(45, 'H1'),
	(46, 'Ram Wagon B250'),
	(47, 'Rally Wagon 3500'),
	(48, 'Terraza'),
	(49, 'Scirocco'),
	(50, 'Durango'),
	(51, 'Thunderbird'),
	(52, 'Mirage'),
	(53, '7 Series'),
	(54, 'Explorer'),
	(55, 'IS'),
	(56, 'Sonata'),
	(57, 'Focus'),
	(58, 'V50'),
	(59, 'Mustang'),
	(60, 'GranSport'),
	(61, '924'),
	(62, 'M-Class'),
	(63, '928'),
	(64, 'TL'),
	(65, 'Galaxie'),
	(66, 'A4'),
	(67, 'F-Series'),
	(68, 'V8 Vantage S'),
	(69, 'Elan'),
	(70, 'SLR McLaren'),
	(71, 'Touareg'),
	(72, 'S-Series'),
	(73, 'Solstice'),
	(74, 'Ram Van 2500'),
	(75, 'M3'),
	(76, 'Optima'),
	(77, 'Express 1500'),
	(78, 'Sidekick'),
	(79, 'Century'),
	(80, 'M'),
	(81, 'Voyager'),
	(82, 'SL-Class'),
	(83, 'Chariot'),
	(84, 'Metro'),
	(85, 'Ram 1500'),
	(86, 'E-Series'),
	(87, 'Commander'),
	(88, 'Wrangler'),
	(89, 'Freelander'),
	(90, 'NSX'),
	(91, 'S2000'),
	(92, 'Protege'),
	(93, 'Brat'),
	(94, 'Wrangler'),
	(95, 'SC'),
	(96, '500SEC'),
	(97, 'F250'),
	(98, 'Corvette'),
	(99, 'B-Series'),
	(100, 'SC');
/*!40000 ALTER TABLE `products` ENABLE KEYS */;

-- Дамп структуры для таблица shop.sellers
CREATE TABLE IF NOT EXISTS `sellers` (
  `id` int(10) unsigned NOT NULL AUTO_INCREMENT,
  `last_name` varchar(50) NOT NULL,
  `first_name` varchar(50) NOT NULL DEFAULT '',
  `phone_number` varchar(50) NOT NULL DEFAULT '',
  `website` varchar(50) NOT NULL DEFAULT '',
  PRIMARY KEY (`id`)
) ENGINE=InnoDB AUTO_INCREMENT=51 DEFAULT CHARSET=utf8;

-- Дамп данных таблицы shop.sellers: ~50 rows (приблизительно)
/*!40000 ALTER TABLE `sellers` DISABLE KEYS */;
INSERT INTO `sellers` (`id`, `last_name`, `first_name`, `phone_number`, `website`) VALUES
	(1, 'Northcote', 'Grata', '964-626-9821', 'com.accuweather.Stronghold'),
	(2, 'Ludlom', 'Windy', '502-444-1609', 'com.bluehost.Lotstring'),
	(3, 'Baldetti', 'Gerrie', '237-780-9747', 'com.elegantthemes.Konklab'),
	(4, 'Nunnery', 'Fawne', '223-550-0517', 'com.mapquest.Sub-Ex'),
	(5, 'Sacaze', 'Margette', '607-751-0887', 'com.blogs.Pannier'),
	(6, 'Stephen', 'Bondy', '205-803-3936', 'cz.toplist.Transcof'),
	(7, 'Klos', 'Geralda', '426-931-7773', 'com.taobao.It'),
	(8, 'Mertsching', 'Harmonie', '592-529-0359', 'edu.si.Flowdesk'),
	(9, 'Fearnside', 'Madonna', '550-142-6748', 'edu.upenn.Subin'),
	(10, 'Grint', 'Ada', '642-791-6001', 'com.live.Lotstring'),
	(11, 'Carbery', 'Elisha', '394-910-9670', 'com.nature.Greenlam'),
	(12, 'Busst', 'Brittaney', '154-790-4264', 'fr.unblog.Span'),
	(13, 'Thirst', 'Angel', '817-835-2396', 'com.businessinsider.Trippledex'),
	(14, 'Kinahan', 'Lemuel', '257-402-0222', 'gov.cdc.Asoka'),
	(15, 'Goligly', 'Claudia', '156-153-1211', 'com.bandcamp.Zathin'),
	(16, 'Lortzing', 'Leon', '976-323-2832', 'com.theglobeandmail.Transcof'),
	(17, 'Giffard', 'Teodor', '759-551-4639', 'com.jiathis.Transcof'),
	(18, 'Iseton', 'Janice', '759-256-6468', 'cz.mapy.Kanlam'),
	(19, 'Jansie', 'Hogan', '114-481-9227', 'gov.ftc.Cardguard'),
	(20, 'Gallegos', 'Alfredo', '920-904-0127', 'com.freewebs.Tin'),
	(21, 'Philcox', 'Lizzy', '332-820-6204', 'com.ask.Otcom'),
	(22, 'McCahill', 'Louella', '334-969-4538', 'net.earthlink.Bitchip'),
	(23, 'Dunbabin', 'Dion', '174-197-0810', 'edu.cmu.Lotlux'),
	(24, 'Hodinton', 'Cloe', '901-456-5359', 'com.ifeng.Aerified'),
	(25, 'Pittock', 'Baudoin', '570-354-1704', 'jp.jugem.Opela'),
	(26, 'Buddock', 'Dorelia', '554-747-4993', 'net.themeforest.Tres-Zap'),
	(27, 'Treeby', 'Tynan', '305-463-6462', 'edu.stanford.Lotlux'),
	(28, 'Francesconi', 'Pauli', '491-885-9015', 'com.mozilla.Lotstring'),
	(29, 'Sprionghall', 'Phoebe', '758-991-2970', 'com.sfgate.Subin'),
	(30, 'Bernardeschi', 'Arlina', '174-141-3884', 'com.sbwire.Y-find'),
	(31, 'Klemz', 'Kale', '680-888-3486', 'net.sourceforge.Daltfresh'),
	(32, 'Reddings', 'Laverne', '549-550-8081', 'com.hubpages.Andalax'),
	(33, 'Garrand', 'Brander', '338-910-7813', 'edu.washington.Bigtax'),
	(34, 'Senecaut', 'Janaye', '286-281-8811', 'com.hc360.Andalax'),
	(35, 'Agron', 'Berti', '436-801-1201', 'com.freewebs.Aerified'),
	(36, 'Barkes', 'Hewitt', '335-622-5404', 'edu.princeton.Subin'),
	(37, 'Kimmerling', 'Ardath', '715-981-4178', 'com.tripod.Stronghold'),
	(38, 'Birtley', 'Fleming', '612-143-2763', 'com.chicagotribune.Zamit'),
	(39, 'Danilishin', 'Katharina', '900-978-5022', 'com.mac.Fintone'),
	(40, 'Crayker', 'Yuri', '338-368-8474', 'uk.co.amazon.Y-Solowarm'),
	(41, 'Ridgewell', 'Redd', '682-574-9318', 'com.yahoo.Viva'),
	(42, 'Gillooly', 'Greggory', '889-623-6059', 'com.amazonaws.Bitwolf'),
	(43, 'Abrahamson', 'Celle', '192-115-6284', 'com.fotki.Stringtough'),
	(44, 'Meadmore', 'Farrah', '832-809-6193', 'com.shareasale.Andalax'),
	(45, 'Fickling', 'Kelbee', '568-170-3280', 'net.earthlink.Duobam'),
	(46, 'Kilbourne', 'Bruno', '202-611-5777', 'ru.yandex.Cardguard'),
	(47, 'Dorran', 'Brucie', '494-780-6169', 'com.digg.Rank'),
	(48, 'Tyrwhitt', 'Ber', '238-700-9379', 'au.gov.nsw.Namfix'),
	(49, 'Jaycock', 'Yvor', '151-950-5168', 'com.paypal.Lotlux'),
	(50, 'Pardal', 'Barbra', '110-812-4826', 'com.cocolog-nifty.Fintone');
/*!40000 ALTER TABLE `sellers` ENABLE KEYS */;

/*!40101 SET SQL_MODE=IFNULL(@OLD_SQL_MODE, '') */;
/*!40014 SET FOREIGN_KEY_CHECKS=IFNULL(@OLD_FOREIGN_KEY_CHECKS, 1) */;
/*!40101 SET CHARACTER_SET_CLIENT=@OLD_CHARACTER_SET_CLIENT */;
/*!40111 SET SQL_NOTES=IFNULL(@OLD_SQL_NOTES, 1) */;
